{
    "$schema": "http://schema.management.azure.com/schemas/2015-01-01/deploymentTemplate.json#",
    "contentVersion": "1.0.0.0",
    "parameters": {
        "location": {
            "type": "string"
        },
        "osDiskType": {
            "type": "string"
        },
        "dataDisks": {
            "type": "array"
        },
        "addressPrefixes": {
            "type": "array"
        },
        "subnets": {
            "type": "array"
        },
        "virtualNetworkId": {
            "type": "string"
        },
        "virtualNetworkName": {
            "type": "string"
        },
        "networkSecurityGroups": {
            "type": "array"
        },
        "networkInterfaceConfigurations": {
            "type": "array"
        },
        "publicIpAddressName": {
            "type": "string"
        },
        "backendPoolName": {
            "type": "string"
        },
        "backendPoolId": {
            "type": "string"
        },
        "loadBalancerName": {
            "type": "string"
        },
        "inboundNatPoolId": {
            "type": "string"
        },
        "vmName": {
            "type": "string"
        },
        "virtualMachineScaleSetName": {
            "type": "string"
        },
        "singlePlacementGroup": {
            "type": "string"
        },
        "instanceCount": {
            "type": "string"
        },
        "instanceSize": {
            "type": "string"
        },
        "scaleInPolicy": {
            "type": "object"
        },
        "overprovision": {
            "type": "bool"
        },
        "upgradePolicy": {
            "type": "string"
        },
        "adminUsername": {
            "type": "string"
        },
        "autoScaleDefault": {
            "type": "string"
        },
        "autoScaleMin": {
            "type": "string"
        },
        "autoScaleMax": {
            "type": "string"
        },
        "scaleOutCPUPercentageThreshold": {
            "type": "string"
        },
        "durationTimeWindow": {
            "type": "string"
        },
        "scaleOutInterval": {
            "type": "string"
        },
        "scaleInCPUPercentageThreshold": {
            "type": "string"
        },
        "scaleInInterval": {
            "type": "string"
        },
        "healthExtensionProtocol": {
            "type": "string"
        },
        "healthExtensionPort": {
            "type": "int"
        },
        "healthExtensionRequestPath": {
            "type": "string"
        },
        "autoRepairsPolicyEnabled": {
            "type": "bool"
        },
        "gracePeriod": {
            "type": "string"
        },
        "platformFaultDomainCount": {
            "type": "string"
        }
    },
    "variables": {
        "storageApiVersion": "2019-06-01",
        "loadBalancerId": "[resourceId('Microsoft.Network/loadBalancers', parameters('loadBalancerName'))]",
        "backendPoolId": "[concat(variables('loadBalancerId'), '/backendAddressPools/', parameters('backendPoolName'))]",
        "virtualMachineScaleSetApiVersion": "2021-07-01",
        "namingInfix": "[toLower(substring(concat(parameters('virtualMachineScaleSetName'), uniqueString(resourceGroup().id)), 0, 9))]",
        "vmssId": "[resourceId('Microsoft.Compute/virtualMachineScaleSets', parameters('virtualMachineScaleSetName'))]",
        "autoScaleResourceName": "[concat(parameters('virtualMachineScaleSetName'), 'autoscale')]"
    },
    "resources": [
        {
            "name": "[parameters('virtualNetworkName')]",
            "type": "Microsoft.Network/virtualNetworks",
            "apiVersion": "2020-11-01",
            "location": "[parameters('location')]",
            "properties": {
                "addressSpace": {
                    "addressPrefixes": "[parameters('addressPrefixes')]"
                },
                "subnets": "[parameters('subnets')]"
            },
            "tags": {
                "SimplilearnProject2_AZ104": "True",
                "StudentName": "AdolfoRodriguez",
                "DeletionPlan": "AfterGraduation"
            }
        },
        {
            "name": "[parameters('networkSecurityGroups')[copyIndex()].name]",
            "type": "Microsoft.Network/networkSecurityGroups",
            "apiVersion": "2019-02-01",
            "location": "[parameters('location')]",
            "properties": {
                "securityRules": "[parameters('networkSecurityGroups')[copyIndex()].rules]"
            },
            "copy": {
                "name": "networkSecurityGroups",
                "count": "[length(parameters('networkSecurityGroups'))]"
            },
            "tags": {
                "SimplilearnProject2_AZ104": "True",
                "StudentName": "AdolfoRodriguez",
                "DeletionPlan": "AfterGraduation"
            }
        },
        {
            "type": "Microsoft.Network/publicIPAddresses",
            "name": "[parameters('publicIpAddressName')]",
            "location": "[parameters('location')]",
            "apiVersion": "2020-08-01",
            "sku": {
                "name": "Standard"
            },
            "properties": {
                "publicIPAllocationMethod": "Static"
            },
            "tags": {
                "SimplilearnProject2_AZ104": "True",
                "StudentName": "AdolfoRodriguez",
                "DeletionPlan": "AfterGraduation"
            }
        },
        {
            "type": "Microsoft.Network/loadBalancers",
            "name": "[parameters('loadBalancerName')]",
            "location": "[parameters('location')]",
            "apiVersion": "2021-05-01",
            "dependsOn": [
                "[concat('Microsoft.Network/publicIPAddresses/', parameters('publicIpAddressName'))]"
            ],
            "sku": {
                "name": "Standard"
            },
            "properties": {
                "frontendIPConfigurations": [
                    {
                        "name": "LoadBalancerFrontEnd",
                        "id": "[concat(variables('loadBalancerId'), '/frontendIPConfigurations/loadBalancerFrontEnd')]",
                        "properties": {
                            "publicIPAddress": {
                                "id": "[resourceId('Microsoft.Network/publicIpAddresses', parameters('publicIpAddressName'))]"
                            }
                        }
                    }
                ],
                "backendAddressPools": [
                    {
                        "id": "[variables('backendPoolId')]",
                        "name": "[parameters('backendPoolName')]"
                    }
                ],
                "inboundNatPools": [
                    {
                        "name": "natpool",
                        "id": "[parameters('inboundNatPoolId')]",
                        "properties": {
                            "frontendIPConfiguration": {
                                "id": "[concat(variables('loadBalancerId'), '/frontendIPConfigurations/loadBalancerFrontEnd')]"
                            },
                            "protocol": "tcp",
                            "frontendPortRangeStart": "50000",
                            "frontendPortRangeEnd": "50119",
                            "backendPort": "22"
                        }
                    }
                ],
                "probes": [
                    {
                        "name": "tcpProbe",
                        "properties": {
                            "protocol": "tcp",
                            "port": 80,
                            "intervalInSeconds": 5,
                            "numberOfProbes": 2,
                            "loadBalancingRules": []
                        }
                    }
                ],
                "loadBalancingRules": [
                    {
                        "name": "LBRule",
                        "properties": {
                            "frontendIPConfiguration": {
                                "id": "[concat(variables('loadBalancerId'), '/frontendIPConfigurations/loadBalancerFrontEnd')]"
                            },
                            "backendAddressPool": {
                                "id": "[variables('backendPoolId')]"
                            },
                            "protocol": "tcp",
                            "frontendPort": 80,
                            "backendPort": 80,
                            "enableFloatingIP": false,
                            "idleTimeoutInMinutes": 5,
                            "loadDistribution": "Default",
                            "probe": {
                                "id": "[concat(variables('loadBalancerId'),'/probes/tcpProbe')]"
                            }
                        }
                    }
                ]
            },
            "tags": {
                "SimplilearnProject2_AZ104": "True",
                "StudentName": "AdolfoRodriguez",
                "DeletionPlan": "AfterGraduation"
            }
        },
        {
            "type": "Microsoft.Insights/autoscaleSettings",
            "apiVersion": "2015-04-01",
            "name": "[variables('autoScaleResourceName')]",
            "location": "[parameters('location')]",
            "dependsOn": [
                "[concat('Microsoft.Compute/virtualMachineScaleSets/', parameters('virtualMachineScaleSetName'))]"
            ],
            "properties": {
                "name": "[variables('autoScaleResourceName')]",
                "targetResourceUri": "[variables('vmssId')]",
                "enabled": true,
                "profiles": [
                    {
                        "name": "Profile1",
                        "capacity": {
                            "minimum": "[parameters('autoScaleMin')]",
                            "maximum": "[parameters('autoScaleMax')]",
                            "default": "[parameters('autoScaleDefault')]"
                        },
                        "rules": [
                            {
                                "metricTrigger": {
                                    "metricName": "Percentage CPU",
                                    "metricNamespace": "",
                                    "metricResourceUri": "[variables('vmssId')]",
                                    "timeGrain": "PT1M",
                                    "statistic": "Average",
                                    "timeWindow": "[concat('PT', parameters('durationTimeWindow'), 'M')]",
                                    "timeAggregation": "Average",
                                    "operator": "GreaterThan",
                                    "threshold": "[parameters('scaleOutCPUPercentageThreshold')]"
                                },
                                "scaleAction": {
                                    "direction": "Increase",
                                    "type": "ChangeCount",
                                    "value": "[parameters('scaleOutInterval')]",
                                    "cooldown": "PT1M"
                                }
                            },
                            {
                                "metricTrigger": {
                                    "metricName": "Percentage CPU",
                                    "metricNamespace": "",
                                    "metricResourceUri": "[variables('vmssId')]",
                                    "timeGrain": "PT1M",
                                    "statistic": "Average",
                                    "timeWindow": "PT5M",
                                    "timeAggregation": "Average",
                                    "operator": "LessThan",
                                    "threshold": "[parameters('scaleInCPUPercentageThreshold')]"
                                },
                                "scaleAction": {
                                    "direction": "Decrease",
                                    "type": "ChangeCount",
                                    "value": "[parameters('scaleInInterval')]",
                                    "cooldown": "PT1M"
                                }
                            }
                        ]
                    }
                ]
            }
        },
        {
            "name": "[parameters('virtualMachineScaleSetName')]",
            "type": "Microsoft.Compute/virtualMachineScaleSets",
            "apiVersion": "[variables('virtualMachineScaleSetApiVersion')]",
            "location": "[parameters('location')]",
            "dependsOn": [
                "[concat('Microsoft.Network/virtualNetworks/', parameters('virtualNetworkName'))]",
                "networkSecurityGroups",
                "[concat('Microsoft.Network/virtualNetworks/', parameters('virtualNetworkName'))]",
                "[variables('loadBalancerId')]"
            ],
            "properties": {
                "singlePlacementGroup": "[parameters('singlePlacementGroup')]",
                "virtualMachineProfile": {
                    "storageProfile": {
                        "osDisk": {
                            "createOption": "fromImage",
                            "caching": "ReadWrite",
                            "managedDisk": {
                                "storageAccountType": "[parameters('osDiskType')]"
                            }
                        },
                        "imageReference": {
                            "publisher": "canonical",
                            "offer": "0001-com-ubuntu-server-focal",
                            "sku": "20_04-lts-gen2",
                            "version": "latest"
                        },
                        "copy": [
                            {
                                "name": "dataDisks",
                                "count": "[length(parameters('dataDisks'))]",
                                "input": {
                                    "lun": "[parameters('dataDisks')[copyIndex('dataDisks')].lun]",
                                    "createOption": "[parameters('dataDisks')[copyIndex('dataDisks')].createOption]",
                                    "caching": "[parameters('dataDisks')[copyIndex('dataDisks')].caching]",
                                    "writeAcceleratorEnabled": "[parameters('dataDisks')[copyIndex('dataDisks')].writeAcceleratorEnabled]",
                                    "diskSizeGB": "[parameters('dataDisks')[copyIndex('dataDisks')].diskSizeGB]",
                                    "managedDisk": {
                                        "storageAccountType": "[parameters('dataDisks')[copyIndex('dataDisks')].storageAccountType]",
                                        "diskEncryptionSet": "[parameters('dataDisks')[copyIndex('dataDisks')].diskEncryptionSet]"
                                    },
                                    "diskIOPSReadWrite": "[if(equals( parameters('dataDisks')[copyIndex('dataDisks')].diskIOPSReadWrite, -1), json('null'),parameters('dataDisks')[copyIndex('dataDisks')].diskIOPSReadWrite)]",
                                    "diskMBpsReadWrite": "[if(equals( parameters('dataDisks')[copyIndex('dataDisks')].diskMBpsReadWrite, -1), json('null'),parameters('dataDisks')[copyIndex('dataDisks')].diskMBpsReadWrite)]"
                                }
                            }
                        ]
                    },
                    "networkProfile": {
                        "copy": [
                            {
                                "name": "networkInterfaceConfigurations",
                                "count": "[length(parameters('networkInterfaceConfigurations'))]",
                                "input": {
                                    "name": "[parameters('networkInterfaceConfigurations')[copyIndex('networkInterfaceConfigurations')].name]",
                                    "properties": {
                                        "primary": "[parameters('networkInterfaceConfigurations')[copyIndex('networkInterfaceConfigurations')].primary]",
                                        "enableAcceleratedNetworking": "[parameters('networkInterfaceConfigurations')[copyIndex('networkInterfaceConfigurations')].enableAcceleratedNetworking]",
                                        "ipConfigurations": [
                                            {
                                                "name": "[concat(take(parameters('networkInterfaceConfigurations')[copyIndex('networkInterfaceConfigurations')].name, sub(80, length('-defaultIpConfiguration'))), '-defaultIpConfiguration')]",
                                                "properties": {
                                                    "subnet": {
                                                        "id": "[parameters('networkInterfaceConfigurations')[copyIndex('networkInterfaceConfigurations')].subnetId]"
                                                    },
                                                    "primary": "[parameters('networkInterfaceConfigurations')[copyIndex('networkInterfaceConfigurations')].primary]",
                                                    "applicationGatewayBackendAddressPools": "[parameters('networkInterfaceConfigurations')[copyIndex('networkInterfaceConfigurations')].applicationGatewayBackendAddressPools]",
                                                    "loadBalancerBackendAddressPools": "[parameters('networkInterfaceConfigurations')[copyIndex('networkInterfaceConfigurations')].loadBalancerBackendAddressPools]",
                                                    "publicIPAddressConfiguration": "[if( equals( parameters('networkInterfaceConfigurations')[copyIndex('networkInterfaceConfigurations')].pipName, ''), json('null'), union(json(concat('{\"name\": \"', parameters('networkInterfaceConfigurations')[copyIndex('networkInterfaceConfigurations')].pipName, '\"}'))\n        ,json('{\"properties\": { \"idleTimeoutInMinutes\": 15}}')))]",
                                                    "loadBalancerInboundNatPools": "[parameters('networkInterfaceConfigurations')[copyIndex('networkInterfaceConfigurations')].loadBalancerInboundNatPools]"
                                                }
                                            }
                                        ],
                                        "networkSecurityGroup": "[if( equals( parameters('networkInterfaceConfigurations')[copyIndex('networkInterfaceConfigurations')].nsgId, ''), json('null'),json(concat('{\"id\": \"', parameters('networkInterfaceConfigurations')[copyIndex('networkInterfaceConfigurations')].nsgId, '\"}')))]"
                                    }
                                }
                            }
                        ]
                    },
                    "extensionProfile": {
                        "extensions": [
                            {
                                "name": "HealthExtension",
                                "properties": {
                                    "publisher": "Microsoft.ManagedServices",
                                    "type": "ApplicationHealthLinux",
                                    "typeHandlerVersion": "1.0",
                                    "autoUpgradeMinorVersion": false,
                                    "settings": {
                                        "protocol": "[parameters('healthExtensionProtocol')]",
                                        "port": "[parameters('healthExtensionPort')]",
                                        "requestPath": "[parameters('healthExtensionRequestPath')]"
                                    }
                                }
                            }
                        ]
                    },
                    "diagnosticsProfile": {
                        "bootDiagnostics": {
                            "enabled": true
                        }
                    },
                    "osProfile": {
                        "computerNamePrefix": "[variables('namingInfix')]",
                        "adminUsername": "[parameters('adminUsername')]",
                        "linuxConfiguration": {
                            "disablePasswordAuthentication": true
                        }
                    }
                },
                "orchestrationMode": "Uniform",
                "scaleInPolicy": "[parameters('scaleInPolicy')]",
                "overprovision": "[parameters('overprovision')]",
                "upgradePolicy": {
                    "mode": "[parameters('upgradePolicy')]"
                },
                "automaticRepairsPolicy": {
                    "enabled": "[parameters('autoRepairsPolicyEnabled')]",
                    "gracePeriod": "[parameters('gracePeriod')]"
                },
                "platformFaultDomainCount": "[parameters('platformFaultDomainCount')]"
            },
            "sku": {
                "name": "[parameters('instanceSize')]",
                "capacity": "[int(parameters('instanceCount'))]"
            },
            "tags": {
                "SimplilearnProject2_AZ104": "True",
                "StudentName": "AdolfoRodriguez",
                "DeletionPlan": "AfterGraduation"
            }
        }
    ],
    "outputs": {
        "adminUsername": {
            "type": "string",
            "value": "[parameters('adminUsername')]"
        }
    }
}